<?xml version="1.0" encoding="UTF-8"?>
<!--
  ~ Copyright 2015 Vincent Brison.
  ~
  ~ Licensed under the Apache License, Version 2.0 (the "License");
  ~ you may not use this file except in compliance with the License.
  ~ You may obtain a copy of the License at
  ~
  ~    http://www.apache.org/licenses/LICENSE-2.0
  ~
  ~ Unless required by applicable law or agreed to in writing, software
  ~ distributed under the License is distributed on an "AS IS" BASIS,
  ~ WITHOUT WARRANTIES OR CONDITIONS OF ANY KIND, either express or implied.
  ~ See the License for the specific language governing permissions and
  ~ limitations under the License.
  -->

<FindBugsFilter>

    <!-- Do not check auto-generated resources classes -->
    <Match>
        <Class name="~.*\.R\$.*" />
    </Match>

    <!-- Do not check auto-generated manifest classes -->
    <Match>
        <Class name="~.*\.Manifest\$.*" />
    </Match>

    <!-- Do not check auto-generated classes (Dagger puts $ into class names) -->
    <Match>
        <Class name="~.*Dagger*.*" />
    </Match>

    <!-- All bugs in test classes, except for JUnit-specific bugs -->
    <Match>
        <Class name="~.*\.*Test" />
        <Not>
            <Bug code="IJU" />
        </Not>
    </Match>

    <!-- Ignore ButterKnife auto-generated classes -->
    <Match>
        <Class name="~.*\$\$ViewBinder*" />
    </Match>
    <Match>
        <Class name="~.*\$\$ViewBinder\$InnerUnbinder*" />
    </Match>
    <Match>
        <Class name="~.*ViewBinding\$.*" />
    </Match>

    <Match>
        <Bug pattern="DM_DEFAULT_ENCODING" />
    </Match>

    <Match>
        <Bug pattern="ST_WRITE_TO_STATIC_FROM_INSTANCE_METHOD" />
    </Match>

    <Match>
        <Bug pattern="INT_BAD_REM_BY_1" />
    </Match>

</FindBugsFilter>